{
    "nsInstanceId": "INSTANCE_ID_PLACEHOLDER",
    "additionalParamForNs": {
        "vpnName": "EnterpriseDc Service for Test",
        "vpnDescription": "Enterprise2Dc overlay network service to be created for testing",
        "siteName": "Site4Test",
        "siteCidr": "10.12.0.0/16",
        "subnetVlan": "10",
        "siteVni": "100",
        "vpcName": "default/project4",
        "vpcSubnetName": "subnet1",
        "vpcSubnetCidr": "10.0.10.0/24",
        "vpcVni": "25",
        "dcGwIp": "192.168.239.144",
        "dcFwIp": "192.168.243.143",
        "dcLbIp": "192.168.241.141"
    }
}